City_ID,City,Country,Date,Lat,Lng,Max Temp,Humidity,Cloudiness,Wind Speed
0,Hofn,IS,2021-11-24 23:22:16,64.2539,-15.2082,30.18,50,100,5.61
1,Karachi,PK,2021-11-24 23:17:21,24.9056,67.0822,67.82,88,40,4.61
2,Castro,BR,2021-11-24 23:20:00,-24.7911,-50.0119,69.53,68,75,6.31
3,Tiksi,RU,2021-11-24 23:22:22,71.6872,128.8694,-4.29,85,100,6.02
4,Victoria,HK,2021-11-24 23:19:44,22.2855,114.1577,67.32,71,17,5.48
5,Punta Arenas,CL,2021-11-24 23:20:15,-53.15,-70.9167,53.71,40,0,9.22
6,Torbay,CA,2021-11-24 23:20:20,47.6666,-52.7314,48.76,98,90,17.27
7,Bathsheba,BB,2021-11-24 23:22:23,13.2167,-59.5167,75.81,88,20,4.61
8,Belmonte,BR,2021-11-24 23:22:24,-15.8631,-38.8828,77.5,91,25,7.78
9,Morondava,MG,2021-11-24 23:22:25,-20.2833,44.2833,77.07,83,19,6.26
10,Naron,ES,2021-11-24 23:22:25,43.5167,-8.1528,53.6,85,97,11.18
11,Amapa,BR,2021-11-24 23:22:26,1.0,-52.0,72.54,99,91,0.76
12,Rikitea,PF,2021-11-24 23:20:27,-23.1203,-134.9692,77.05,73,22,15.35
13,Mykolayivka,UA,2021-11-24 23:22:27,47.5414,30.7561,32.76,76,4,6.42
14,Ushuaia,AR,2021-11-24 23:17:11,-54.8,-68.3,47.86,61,40,23.02
15,Kysyl-Syr,RU,2021-11-24 23:18:19,63.8986,122.7617,-8.66,90,100,5.39
16,Hermanus,ZA,2021-11-24 23:21:46,-34.4187,19.2345,59.81,73,0,19.28
17,Klaksvik,FO,2021-11-24 23:22:28,62.2266,-6.589,38.32,58,95,33.73
18,Mahebourg,MU,2021-11-24 23:22:28,-20.4081,57.7,75.25,88,20,5.75
19,Busselton,AU,2021-11-24 23:18:35,-33.65,115.3333,63.05,66,44,13.0
20,Bereda,ES,2021-11-24 23:22:29,43.2686,-7.5406,48.92,100,81,1.41
21,Vaini,TO,2021-11-24 23:21:42,-21.2,-175.2,84.36,84,75,6.91
22,New Norfolk,AU,2021-11-24 23:20:21,-42.7826,147.0587,66.7,44,8,4.18
23,Saint George,US,2021-11-24 23:22:10,37.1041,-113.5841,59.47,17,1,1.99
24,Cabo San Lucas,MX,2021-11-24 23:20:21,22.8909,-109.9124,82.62,57,1,8.01
25,Bintulu,MY,2021-11-24 23:22:31,3.1667,113.0333,75.61,100,40,3.44
26,Lingao,CN,2021-11-24 23:22:31,19.9103,109.6859,65.64,79,24,7.23
27,Broken Hill,AU,2021-11-24 23:19:16,-31.95,141.4333,65.73,90,100,10.96
28,Cape Town,ZA,2021-11-24 23:19:38,-33.9258,18.4232,62.89,55,0,11.5
29,Mataura,NZ,2021-11-24 23:17:14,-46.1927,168.8643,68.54,32,100,6.82
30,Jackson,US,2021-11-24 23:18:58,42.4165,-122.8345,53.92,57,1,0.0
31,Waddan,LY,2021-11-24 23:22:33,29.1614,16.139,68.83,37,95,2.1
32,Rosetown,CA,2021-11-24 23:22:34,51.5501,-108.0014,15.98,67,26,6.91
33,East London,ZA,2021-11-24 23:21:54,-33.0153,27.9116,60.21,78,76,7.43
34,Thunder Bay,CA,2021-11-24 23:22:34,48.4001,-89.3168,32.56,80,90,17.27
35,Tonstad,NO,2021-11-24 23:22:35,58.6626,6.7169,45.36,86,81,11.95
36,Valdivia,CL,2021-11-24 23:22:36,-39.8142,-73.2459,59.09,90,66,3.8
37,Koygorodok,RU,2021-11-24 23:22:36,60.445,50.9968,12.4,95,97,7.02
38,Vila Franca Do Campo,PT,2021-11-24 23:20:21,37.7167,-25.4333,63.19,66,100,21.3
39,Norman Wells,CA,2021-11-24 23:22:37,65.282,-126.8329,-27.36,68,75,3.44
40,Ponta Do Sol,PT,2021-11-24 23:21:35,32.6667,-17.1,65.03,64,90,9.91
41,Albany,US,2021-11-24 23:20:09,42.6001,-73.9662,34.45,66,42,3.58
42,Cherskiy,RU,2021-11-24 23:22:38,68.75,161.3,-12.21,98,100,4.41
43,Port Hardy,CA,2021-11-24 23:22:39,50.6996,-127.4199,44.6,93,90,18.41
44,Tual,ID,2021-11-24 23:23:39,-5.6667,132.75,83.34,72,78,0.78
45,Manubul,PH,2021-11-24 23:23:40,5.4732,120.7986,81.46,78,99,6.76
46,Novichikha,RU,2021-11-24 23:23:40,52.204,81.3877,34.95,99,100,18.25
47,Barrow,US,2021-11-24 23:18:35,71.2906,-156.7887,-0.38,78,90,12.66
48,Jawhar,SO,2021-11-24 23:23:42,2.7809,45.5005,75.69,82,16,10.38
49,Naqadeh,IR,2021-11-24 23:23:42,36.9553,45.388,41.95,69,73,4.25
50,Hasaki,JP,2021-11-24 23:20:20,35.7333,140.8333,46.69,48,0,6.82
51,Kanker,IN,2021-11-24 23:23:43,20.2719,81.4931,64.9,74,83,2.13
52,Poplar Bluff,US,2021-11-24 23:23:43,36.757,-90.3929,58.59,51,90,8.05
53,Surubim,BR,2021-11-24 23:20:31,-7.8331,-35.7547,74.5,80,7,11.63
54,Dikson,RU,2021-11-24 23:21:39,73.5069,80.5464,6.06,89,100,11.68
55,Hobart,AU,2021-11-24 23:21:27,-42.8794,147.3294,67.05,59,75,1.01
56,Jamestown,US,2021-11-24 23:21:21,42.097,-79.2353,42.39,60,1,1.01
57,Kapaa,US,2021-11-24 23:20:32,22.0752,-159.319,82.72,66,1,1.99
58,Furukawa,JP,2021-11-24 23:23:45,38.5717,140.9556,42.55,92,99,3.44
59,Grand Gaube,MU,2021-11-24 23:23:46,-20.0064,57.6608,75.38,74,13,1.99
60,Khatanga,RU,2021-11-24 23:23:46,71.9667,102.5,-10.8,96,39,4.76
61,Atuona,PF,2021-11-24 23:20:19,-9.8,-139.0333,77.5,79,42,9.91
62,Gorele,TR,2021-11-24 23:23:47,41.0308,39.0031,47.64,77,100,3.69
63,Chokurdakh,RU,2021-11-24 23:20:14,70.6333,147.9167,-23.19,100,95,6.06
64,Port Lincoln,AU,2021-11-24 23:23:48,-34.7333,135.8667,62.69,69,7,21.61
65,High Rock,BS,2021-11-24 23:23:48,26.6208,-78.2833,68.02,65,100,18.81
66,Sao Filipe,CV,2021-11-24 23:23:49,14.8961,-24.4956,78.22,72,62,2.73
67,Banda Aceh,ID,2021-11-24 23:23:49,5.5577,95.3222,77.95,82,100,10.51
68,Abonnema,NG,2021-11-24 23:23:50,4.7084,6.7931,77.79,89,48,5.79
69,Vostok,RU,2021-11-24 23:19:34,46.4856,135.8833,2.26,99,99,3.09
70,Cockburn Town,TC,2021-11-24 23:20:53,21.4612,-71.1419,79.41,65,100,16.35
71,Dunedin,NZ,2021-11-24 23:19:36,-45.8742,170.5036,63.54,64,100,5.23
72,Uaua,BR,2021-11-24 23:23:51,-9.8414,-39.4817,85.03,45,86,16.93
73,Saint Paul,US,2021-11-24 23:20:17,44.9444,-93.0933,37.96,74,90,4.0
74,Chubbuck,US,2021-11-24 23:23:51,42.9208,-112.4661,37.29,59,20,11.99
75,Naze,JP,2021-11-24 23:23:52,28.3667,129.4833,54.52,64,14,4.68
76,Coihaique,CL,2021-11-24 23:21:08,-45.5752,-72.0662,58.95,58,75,6.91
77,Port Alfred,ZA,2021-11-24 23:23:53,-33.5906,26.891,60.1,78,65,10.8
78,Bambous Virieux,MU,2021-11-24 23:20:25,-20.3428,57.7575,75.22,88,20,5.75
79,Carbonia,IT,2021-11-24 23:23:54,39.1672,8.5222,55.99,92,100,1.45
80,Indian Head,US,2021-11-24 23:23:54,38.6001,-77.1622,44.19,57,1,0.0
81,Yabrud,SY,2021-11-24 23:23:55,33.9674,36.6574,46.96,62,47,5.73
82,Boguchany,RU,2021-11-24 23:23:55,58.3814,97.4531,12.49,97,86,5.21
83,Broome,US,2021-11-24 23:23:56,42.2506,-75.833,38.68,63,1,1.99
84,Ozark,US,2021-11-24 23:22:57,37.0209,-93.206,63.45,75,100,1.99
85,Upernavik,GL,2021-11-24 23:23:56,72.7868,-56.1549,23.29,91,100,37.16
86,Bluff,NZ,2021-11-24 23:18:50,-46.6,168.3333,59.52,55,97,4.74
87,Belle Fourche,US,2021-11-24 23:23:57,44.6714,-103.8522,31.5,44,51,9.26
88,Coquimbo,CL,2021-11-24 23:21:02,-29.9533,-71.3436,62.33,67,0,10.36
89,Lata,PT,2021-11-24 23:19:47,40.1629,-8.3327,51.82,95,2,2.66
90,Olafsvik,IS,2021-11-24 23:23:33,64.8945,-23.7142,39.61,97,100,25.86
91,Okha,RU,2021-11-24 23:23:58,53.5739,142.9478,33.3,98,91,11.68
92,Geraldton,AU,2021-11-25 00:57:11,-28.7667,114.6,90.01,14,0,13.8
93,Batemans Bay,AU,2021-11-25 00:57:11,-35.7167,150.1833,83.19,76,100,5.93
94,Puerto Ayora,EC,2021-11-25 00:57:12,-0.7393,-90.3518,69.69,82,33,11.07
95,Yellowknife,CA,2021-11-25 00:53:49,62.456,-114.3525,0.41,87,90,1.99
96,Harrisonburg,US,2021-11-25 00:57:13,38.4496,-78.8689,39.24,65,1,0.0
97,Hilo,US,2021-11-25 00:54:56,19.7297,-155.09,85.28,91,15,4.0
98,Salinas,US,2021-11-25 00:53:48,36.6777,-121.6555,63.12,45,1,5.75
99,Cacoal,BR,2021-11-25 00:57:14,-11.4386,-61.4472,73.2,97,99,3.2
100,Bethel,US,2021-11-25 00:57:14,41.3712,-73.414,40.5,65,86,4.05
101,Saint-Philippe,RE,2021-11-25 00:54:48,-21.3585,55.7679,74.79,84,57,2.53
102,Port Elizabeth,ZA,2021-11-25 00:57:15,-33.918,25.5701,61.09,77,20,8.05
103,Luderitz,NA,2021-11-25 00:57:15,-26.6481,15.1594,59.34,83,2,13.11
104,Beloha,MG,2021-11-25 00:57:16,-25.1667,45.05,68.45,67,67,4.92
105,Coahuayana,MX,2021-11-25 00:57:16,18.7333,-103.6833,74.7,90,56,1.1
106,Lebu,CL,2021-11-25 00:57:17,-37.6167,-73.65,54.86,92,19,1.99
107,Talaya,RU,2021-11-25 00:57:17,61.3833,152.75,-12.5,98,100,3.51
108,Carnarvon,AU,2021-11-25 00:57:18,-24.8667,113.6333,89.67,18,0,21.85
109,Udachnyy,RU,2021-11-25 00:57:18,66.4167,112.4,-9.29,90,100,7.27
110,Tuktoyaktuk,CA,2021-11-25 00:57:18,69.4541,-133.0374,-25.6,68,20,5.75
111,Tucuma,BR,2021-11-25 00:57:19,-0.1833,-50.05,76.96,87,83,5.39
112,Qaanaaq,GL,2021-11-25 00:57:19,77.484,-69.3632,-2.65,50,0,7.94
113,Sampit,ID,2021-11-25 00:57:20,-2.5333,112.95,80.76,77,98,2.64
114,Whitecourt,CA,2021-11-25 00:57:21,54.1502,-115.6855,15.04,79,90,4.61
115,Nanortalik,GL,2021-11-25 00:57:21,60.1432,-45.2371,39.09,98,100,12.21
116,Faya,SA,2021-11-25 00:57:21,18.3851,42.4509,53.71,54,4,0.89
117,San Ciro De Acosta,MX,2021-11-25 00:57:22,21.6333,-99.8167,66.13,82,30,5.44
118,Constantine,DZ,2021-11-25 00:56:28,36.365,6.6147,42.21,93,40,4.61
119,Livingstonia,MW,2021-11-25 00:57:23,-10.606,34.1063,69.87,61,98,6.06
120,Burnie,AU,2021-11-25 00:57:23,-41.0667,145.9167,73.92,43,3,8.05
121,Zelenoborskiy,RU,2021-11-25 00:57:23,66.845,32.3622,16.02,88,45,4.0
122,Klyuchi,RU,2021-11-25 00:57:24,52.2667,79.1667,28.18,98,100,5.17
123,Taoudenni,ML,2021-11-25 00:57:24,22.6783,-3.9836,77.92,39,89,7.87
124,Dublin,US,2021-11-25 00:57:25,37.7021,-121.9358,63.25,39,11,3.74
125,Thompson,CA,2021-11-25 00:56:51,55.7435,-97.8558,-3.84,71,1,12.66
126,Sorland,NO,2021-11-25 00:57:26,67.667,12.6934,35.8,54,100,22.32
127,Alugan,PH,2021-11-25 00:57:26,12.2188,125.4808,82.53,85,100,11.01
128,Butaritari,KI,2021-11-25 00:57:27,3.0707,172.7902,82.45,69,17,15.12
129,Caarapo,BR,2021-11-25 00:57:27,-22.6342,-54.8222,74.44,72,91,9.19
130,Santa Barbara,US,2021-11-25 00:54:34,34.7333,-120.0343,61.36,35,1,5.75
131,Olinda,BR,2021-11-25 00:57:28,-8.0089,-34.8553,82.13,74,40,6.91
132,Kavieng,PG,2021-11-25 00:57:28,-2.5744,150.7967,85.93,63,18,10.78
133,Erice,IT,2021-11-25 00:57:29,38.037,12.5865,49.96,83,94,13.96
134,Iracoubo,GF,2021-11-25 00:57:29,5.4802,-53.2011,77.99,88,91,6.71
135,Presidente Medici,BR,2021-11-25 00:56:38,-11.1753,-61.9014,73.83,98,100,4.38
136,Marrakesh,MA,2021-11-25 00:57:30,31.6315,-8.0083,55.47,71,40,4.61
137,Katsuura,JP,2021-11-25 00:57:30,35.1333,140.3,60.19,57,0,16.37
138,Avera,US,2021-11-25 00:54:43,33.194,-82.5271,44.11,31,8,5.68
139,Sitka,US,2021-11-25 00:57:31,57.0531,-135.33,38.16,91,100,7.72
140,Oda,JP,2021-11-25 00:58:32,35.1833,132.5,52.57,60,100,21.0
141,Shingu,JP,2021-11-25 00:58:32,33.7333,135.9833,56.39,55,4,10.31
142,Poso,ID,2021-11-25 00:58:33,-1.3959,120.7524,81.07,80,100,3.33
143,Ostrovnoy,RU,2021-11-25 00:58:33,68.0531,39.5131,23.77,73,100,11.41
144,Minab,IR,2021-11-25 00:58:34,27.1467,57.0801,71.1,80,0,2.37
145,Tura,IN,2021-11-25 00:58:34,25.5198,90.2201,57.88,66,0,2.75
146,Samarai,PG,2021-11-25 00:58:35,-10.6167,150.6667,84.79,71,16,14.58
147,Oriximina,BR,2021-11-25 00:58:35,-1.7656,-55.8661,78.91,72,42,3.15
148,Arraial Do Cabo,BR,2021-11-25 00:58:36,-22.9661,-42.0278,71.56,94,40,2.3
149,Erenhot,CN,2021-11-25 00:58:36,43.6475,111.9767,24.46,60,89,7.76
150,Guerrero Negro,MX,2021-11-25 00:58:37,27.9769,-114.0611,65.1,78,100,13.47
151,Aklavik,CA,2021-11-25 00:58:37,68.2191,-135.0107,-26.57,68,40,0.0
152,Saskylakh,RU,2021-11-25 00:58:38,71.9167,114.0833,-10.32,95,100,9.22
153,Mar Del Plata,AR,2021-11-25 00:58:38,-38.0023,-57.5575,80.62,34,0,9.22
154,Koulamoutou,GA,2021-11-25 00:58:39,-1.1303,12.4736,69.71,99,95,1.45
155,Vila Velha,BR,2021-11-25 00:58:10,-20.3297,-40.2925,75.15,85,20,1.01
156,Tuatapere,NZ,2021-11-25 00:58:40,-46.1333,167.6833,67.87,38,100,5.86
157,Pemba,MZ,2021-11-25 00:55:08,-12.974,40.5178,79.0,79,37,4.99
158,Cilegon,ID,2021-11-25 00:58:41,-6.0174,106.0538,84.09,71,78,5.95
159,Chumphon,TH,2021-11-25 00:58:41,10.3333,98.8333,73.51,89,100,4.88
160,Tasiilaq,GL,2021-11-25 00:58:42,65.6145,-37.6368,19.74,83,100,8.77
161,Pechora,RU,2021-11-25 00:58:42,65.1472,57.2244,8.01,94,100,8.75
162,Ucluelet,CA,2021-11-25 00:58:06,48.9329,-125.5528,48.09,92,100,5.99
163,Bengkulu,ID,2021-11-25 00:58:43,-3.8004,102.2655,79.93,63,46,4.09
164,Port Hedland,AU,2021-11-25 00:58:44,-20.3167,118.5667,89.65,17,21,20.71
165,Suhbaatar,MN,2021-11-25 00:58:44,50.2314,106.2078,7.48,96,98,1.99
166,Souillac,MU,2021-11-25 00:58:45,-20.5167,57.5167,75.36,88,20,4.61
167,Anchorage,US,2021-11-25 00:55:51,61.2181,-149.9003,17.64,84,90,1.01
168,Narsaq,GL,2021-11-25 00:58:45,60.9167,-46.05,36.21,99,100,8.16
169,Kodinsk,RU,2021-11-25 00:58:46,58.6881,99.1844,9.19,99,88,4.23
170,Las Margaritas,MX,2021-11-25 00:58:47,16.3167,-91.9833,54.19,95,13,4.92
171,Airai,TL,2021-11-25 00:58:47,-8.9266,125.4092,73.11,66,82,1.61
172,Cravo Norte,CO,2021-11-25 00:58:49,6.3017,-70.2041,73.89,89,67,4.52
173,Port Shepstone,ZA,2021-11-25 00:58:49,-30.7414,30.455,63.46,75,100,7.54
174,Jalu,LY,2021-11-25 00:58:50,29.0331,21.5482,66.0,37,49,5.32
175,Makakilo City,US,2021-11-25 00:58:50,21.3469,-158.0858,79.68,60,63,6.69
176,Koumac,NC,2021-11-25 00:58:51,-20.5667,164.2833,81.61,61,56,4.88
177,Ahipara,NZ,2021-11-25 00:58:51,-35.1667,173.1667,65.55,71,100,2.75
178,Vaitape,PF,2021-11-25 00:58:52,-16.5167,-151.75,81.54,73,20,8.03
179,Betsiamites,CA,2021-11-25 00:58:52,48.9413,-68.646,33.69,57,0,11.21
180,Portland,US,2021-11-25 00:55:03,45.5234,-122.6762,47.66,89,100,1.99
181,Bethanien,NA,2021-11-25 00:58:53,-26.502,17.1583,68.2,31,0,2.73
182,Laguna,US,2021-11-25 00:58:54,38.421,-121.4238,62.92,58,3,3.24
183,Nikolskoye,RU,2021-11-25 00:58:54,59.7035,30.7861,31.01,91,100,2.44
184,Ladario,BR,2021-11-25 00:58:55,-19.0047,-57.6017,80.67,75,100,2.15
185,Mehamn,NO,2021-11-25 00:59:56,71.0357,27.8492,25.03,92,100,10.89
186,Bilma,NE,2021-11-25 00:59:56,18.6853,12.9164,74.62,20,0,6.46
187,Sao Joao Do Piaui,BR,2021-11-25 00:59:57,-8.3581,-42.2467,81.34,56,74,3.24
188,Kutum,SD,2021-11-25 00:59:57,14.2,24.6667,59.05,18,4,5.86
189,Husavik,IS,2021-11-25 00:59:58,66.0449,-17.3389,28.31,80,100,19.53
190,Zhigansk,RU,2021-11-25 00:59:58,66.7697,123.3711,-14.75,90,100,5.39
191,Terrace Bay,CA,2021-11-25 00:59:59,48.7834,-87.1,33.42,81,88,19.39
192,Hithadhoo,MV,2021-11-25 01:00:00,-0.6,73.0833,82.15,71,87,18.23
193,Vardo,NO,2021-11-25 01:00:00,70.3705,31.1107,26.69,76,100,6.44
194,Nabire,ID,2021-11-25 01:00:01,-3.3667,135.4833,84.99,70,82,2.57
195,Talnakh,RU,2021-11-25 01:00:01,69.4865,88.3972,7.39,96,100,6.49
196,Pochutla,MX,2021-11-25 01:00:02,15.7432,-96.4661,80.82,79,5,3.13
197,Clyde River,CA,2021-11-25 01:00:03,70.4692,-68.5914,1.63,85,77,2.3
198,Teahupoo,PF,2021-11-25 01:00:03,-17.8333,-149.2667,80.56,75,9,9.42
199,Aripuana,BR,2021-11-25 01:00:04,-9.1667,-60.6333,72.82,99,100,0.51
200,Kodiak,US,2021-11-25 01:00:06,57.79,-152.4072,20.46,71,80,7.72
201,Wang Saphung,TH,2021-11-25 01:00:07,17.301,101.7685,74.75,78,35,2.13
202,Encantado,BR,2021-11-25 01:00:07,-29.2361,-51.8697,68.61,60,0,0.92
203,Chuy,UY,2021-11-25 01:00:08,-33.6971,-53.4616,62.44,70,0,8.03
204,Nome,US,2021-11-25 01:00:09,64.5011,-165.4064,-7.2,98,12,6.44
205,Atar,MR,2021-11-25 01:00:10,20.5169,-13.0499,80.74,32,97,8.41
206,Timizart,DZ,2021-11-25 01:00:10,36.8,4.2667,49.24,81,0,7.47
207,Sur,OM,2021-11-25 01:00:11,22.5667,59.5289,77.18,38,43,3.18
208,Bilibino,RU,2021-11-25 01:00:12,68.0546,166.4372,-4.99,99,100,1.99
209,Raga,SS,2021-11-25 01:00:13,8.4596,25.678,71.06,29,0,2.84
210,Sitrah,BH,2021-11-25 01:00:13,26.1547,50.6206,73.4,72,0,3.0
211,Sandwick,GB,2021-11-25 01:00:14,60.0,-1.25,40.82,81,75,28.77
212,Namibe,AO,2021-11-25 01:00:14,-15.1961,12.1522,68.02,68,7,6.69
213,Cotonou,BJ,2021-11-25 01:00:15,6.3654,2.4183,81.36,82,50,7.18
214,Kaitong,CN,2021-11-25 01:00:16,44.8135,123.15,12.76,73,12,5.68
215,Road Town,VG,2021-11-25 01:00:17,18.4167,-64.6167,79.0,71,27,7.45
216,Ibra,OM,2021-11-25 01:00:17,22.6906,58.5334,67.19,36,0,2.08
217,Waipawa,NZ,2021-11-25 01:00:18,-41.4122,175.5153,66.83,43,100,7.7
218,Oktyabrskiy,RU,2021-11-25 01:00:18,54.4815,53.471,13.77,89,100,11.74
219,Turukhansk,RU,2021-11-25 01:00:19,65.8167,87.9833,10.58,95,100,8.77
220,Umm Kaddadah,SD,2021-11-25 01:00:19,13.6017,26.6876,64.78,18,5,12.86
221,Okhotsk,RU,2021-11-25 01:00:20,59.3833,143.3,10.62,72,14,15.05
222,Codrington,AU,2021-11-25 01:00:20,-38.2667,141.9667,62.62,65,0,13.98
223,Havelock,US,2021-11-25 01:00:21,34.8791,-76.9013,44.92,76,6,2.95
224,Kaitangata,NZ,2021-11-25 01:00:21,-46.2817,169.8464,67.84,47,50,5.64
225,Bredasdorp,ZA,2021-11-25 01:00:22,-34.5322,20.0403,57.27,69,0,12.53
226,Nevyansk,RU,2021-11-25 01:00:22,57.4953,60.2112,7.83,92,18,5.37
227,Esperance,AU,2021-11-25 01:00:23,-33.8667,121.9,63.81,67,100,5.55
228,Aranos,NA,2021-11-25 01:01:24,-24.1333,19.1167,65.21,24,0,4.12
229,Honiara,SB,2021-11-25 01:01:24,-9.4333,159.95,86.65,67,26,8.12
230,Aransas Pass,US,2021-11-25 01:00:25,27.9095,-97.15,77.02,81,75,8.01
231,Pangnirtung,CA,2021-11-25 01:01:25,66.1451,-65.7125,12.74,79,100,10.67
232,Isangel,VU,2021-11-25 01:01:25,-19.55,169.2667,76.8,79,100,17.38
233,Rio Gallegos,AR,2021-11-25 01:01:25,-51.6226,-69.2181,50.52,67,100,20.85
234,Pevek,RU,2021-11-25 01:01:27,69.7008,170.3133,-15.5,92,100,2.37
235,Colmar,FR,2021-11-25 01:01:27,48.0833,7.3667,36.82,93,75,3.44
236,Ancud,CL,2021-11-25 01:01:09,-41.8697,-73.8203,55.18,93,49,15.82
237,Rocha,UY,2021-11-25 01:01:28,-34.4833,-54.3333,63.52,60,0,7.63
238,Kenscoff,HT,2021-11-25 01:01:29,18.4506,-72.2869,59.32,85,10,0.67
239,Puerto Berrio,CO,2021-11-25 01:01:29,6.4916,-74.4033,75.27,95,90,1.72
240,Maceio,BR,2021-11-25 00:56:35,-9.6658,-35.7353,78.24,88,20,4.61
241,Zolochiv,UA,2021-11-25 01:01:30,49.806,24.8944,27.07,85,2,6.31
242,Acajutla,SV,2021-11-25 01:01:31,13.5928,-89.8275,79.27,63,3,5.3
243,Usinsk,RU,2021-11-25 01:01:31,65.9939,57.5281,4.98,96,100,10.51
244,Whitehorse,CA,2021-11-25 01:00:08,60.7161,-135.0538,14.77,85,75,6.91
245,Yerbogachen,RU,2021-11-25 01:01:32,61.2767,108.0108,8.17,99,83,5.32
246,Curvelo,BR,2021-11-25 01:01:32,-18.7564,-44.4308,72.66,75,100,3.56
247,Grande Prairie,CA,2021-11-25 01:01:22,55.1667,-118.8027,27.72,97,100,4.05
248,Zhangjiakou,CN,2021-11-25 01:01:33,40.81,114.8794,29.82,52,7,3.58
249,Atambua,ID,2021-11-25 01:01:33,-9.1061,124.8925,84.09,64,72,1.79
250,Paamiut,GL,2021-11-25 01:01:34,61.994,-49.6678,32.79,100,100,9.55
251,Ndele,CF,2021-11-25 01:01:34,8.4109,20.6473,70.45,31,0,4.12
252,Fortuna,US,2021-11-25 01:01:35,40.5982,-124.1573,52.99,69,72,5.77
253,Uvat,RU,2021-11-25 01:01:36,59.1433,68.8953,6.66,96,98,6.42
254,Merauke,ID,2021-11-25 01:01:36,-8.4667,140.3333,85.35,67,99,5.86
255,Sioux Lookout,CA,2021-11-25 00:57:37,50.1001,-91.917,10.47,67,75,9.22
256,Roblin,CA,2021-11-25 01:00:08,51.23,-101.3565,-13.65,93,5,3.96
257,Gorom-Gorom,BF,2021-11-25 01:01:37,14.4439,-0.2361,80.08,17,0,7.67
258,Sisimiut,GL,2021-11-25 01:01:38,66.9395,-53.6735,28.94,79,100,22.06
259,Longyearbyen,SJ,2021-11-25 00:58:38,78.2186,15.6401,3.04,78,40,5.75
260,Calvinia,ZA,2021-11-25 01:01:38,-31.4707,19.776,60.15,39,64,13.31
261,Jiexiu,CN,2021-11-25 01:01:39,37.0244,111.9125,41.47,31,0,4.74
262,Antofagasta,CL,2021-11-25 01:01:39,-23.65,-70.4,61.41,78,100,4.41
263,Gat,IL,2021-11-25 01:00:04,31.61,34.7642,60.4,72,31,4.56
264,Sanchor,IN,2021-11-25 01:01:40,24.7553,71.7722,68.13,36,5,4.12
265,Yuli,NG,2021-11-25 01:01:41,9.6989,10.2744,76.71,25,100,5.21
266,Teeli,RU,2021-11-25 01:01:41,51.0333,90.2333,14.79,85,95,0.89
267,Radzyn Podlaski,PL,2021-11-25 00:59:18,51.7833,22.6167,39.85,82,91,7.9
268,Saint-Pierre,RE,2021-11-25 01:01:42,-21.3393,55.4781,74.88,69,0,8.05
269,Pandamatenga,BW,2021-11-25 01:01:43,-18.5278,25.627,68.29,28,20,7.45
270,Oxapampa,PE,2021-11-25 01:01:44,-10.5775,-75.4017,58.23,96,100,3.56
271,Port Hueneme,US,2021-11-25 01:01:44,34.1478,-119.1951,73.58,37,1,17.27
272,Harper,LR,2021-11-25 01:01:45,4.375,-7.7169,79.45,84,41,5.82
273,Saint-Augustin,CA,2021-11-25 01:03:02,51.226,-58.6502,44.51,96,100,19.82
274,Borkenes,NO,2021-11-25 01:03:03,68.774,16.1739,25.97,100,100,3.36
275,Bage,BR,2021-11-25 01:03:03,-31.3314,-54.1069,64.81,55,0,8.05
276,Birao,CF,2021-11-25 01:03:04,10.2849,22.7882,67.89,26,14,5.48
277,Mount Gambier,AU,2021-11-25 01:03:04,-37.8333,140.7667,65.03,53,4,11.92
278,Shakawe,BW,2021-11-25 01:03:05,-18.3667,21.85,70.74,19,24,2.8
279,Cayenne,GF,2021-11-25 01:03:05,4.9333,-52.3333,81.09,83,75,1.14
280,Sawakin,SD,2021-11-25 01:03:06,19.1059,37.3321,78.71,69,94,8.48
281,Leningradskiy,RU,2021-11-25 01:03:06,69.3833,178.4167,-19.03,98,100,4.76
282,Chinhoyi,ZW,2021-11-25 01:03:07,-17.3667,30.2,68.0,83,100,8.21
283,Altay,CN,2021-11-25 01:03:08,47.8667,88.1167,25.59,72,83,7.31
284,Saldanha,ZA,2021-11-25 01:03:08,-33.0117,17.9442,60.57,68,0,13.51
285,Faanui,PF,2021-11-25 01:03:09,-16.4833,-151.75,81.54,73,21,8.01
286,Awjilah,LY,2021-11-25 01:03:09,29.1081,21.2869,67.26,37,79,5.46
287,Olga,RU,2021-11-25 01:03:10,43.7444,135.2892,24.3,47,90,13.0
288,Mtambile,TZ,2021-11-25 01:03:10,-5.3833,39.7,79.48,82,100,6.24
289,Watsa,CD,2021-11-25 01:03:11,3.0372,29.5355,62.55,89,0,1.61
290,Lyngseidet,NO,2021-11-25 01:03:11,69.5763,20.2189,23.09,76,100,11.59
291,Matagami,CA,2021-11-25 01:03:12,49.7502,-77.6328,32.27,87,100,8.39
292,Beidao,CN,2021-11-25 01:03:13,34.5686,105.8933,41.61,43,0,0.58
293,Victoria Point,AU,2021-11-25 01:03:13,-27.5833,153.3,79.99,94,100,1.99
294,Santa Ana,US,2021-11-25 01:03:14,33.7456,-117.8678,72.05,51,1,0.0
295,Cabedelo,BR,2021-11-25 01:03:14,-6.9811,-34.8339,79.47,78,37,10.4
296,Hurricane,US,2021-11-25 01:03:14,37.1753,-113.2899,50.47,33,0,13.53
297,Hamilton,US,2021-11-25 00:58:19,39.1834,-84.5333,51.64,49,100,1.99
298,Uromi,NG,2021-11-25 01:03:16,6.7,6.3333,71.37,94,5,4.07
299,Rawson,AR,2021-11-25 01:03:16,-43.3002,-65.1023,64.44,58,100,7.52
300,Yakeshi,CN,2021-11-25 01:03:17,49.2833,120.7333,0.79,84,49,5.21
301,Anadyr,RU,2021-11-25 01:03:17,64.75,177.4833,-14.3,76,20,6.71
302,Lac Du Bonnet,CA,2021-11-25 01:03:18,50.2536,-96.0612,7.07,92,64,0.74
303,Taunton,GB,2021-11-25 01:03:18,51.0211,-3.1047,46.22,95,100,12.12
304,Ribeira Grande,PT,2021-11-25 01:03:19,38.5167,-28.7,64.98,69,100,24.11
305,Dumingag,PH,2021-11-25 01:03:19,8.1692,123.3506,80.46,90,100,1.41
306,Madang,PG,2021-11-25 01:03:20,-5.2246,145.7966,85.23,64,89,2.42
307,Lompoc,US,2021-11-25 01:03:20,34.6391,-120.4579,66.51,55,1,5.75
308,Maine-Soroa,NE,2021-11-25 01:03:21,13.2114,12.0241,75.47,22,0,9.64
309,Parrita,CR,2021-11-25 01:03:21,9.5201,-84.3225,81.99,85,29,3.09
310,Nakamura,JP,2021-11-25 01:03:22,32.9833,132.9333,59.58,54,31,5.99
311,Domat,CH,2021-11-25 01:03:22,46.8348,9.4508,46.49,78,93,8.46
312,Imbituba,BR,2021-11-25 01:03:23,-28.24,-48.6703,70.83,82,0,11.32
313,Algiers,DZ,2021-11-25 01:03:10,36.7525,3.042,46.22,81,20,4.61
314,Svetlogorsk,BY,2021-11-25 01:03:24,52.6333,29.7333,35.29,86,100,8.72
315,Ukiah,US,2021-11-25 01:02:39,39.1502,-123.2078,59.58,62,1,0.0
316,Sao Jose Da Coroa Grande,BR,2021-11-25 01:03:25,-8.8978,-35.1478,78.24,82,12,8.48
317,San Antonio De Cortes,HN,2021-11-25 01:03:25,15.1167,-88.0333,67.23,96,29,0.13
318,Surman,LY,2021-11-25 01:03:26,32.7567,12.5716,66.79,60,100,4.23
319,Kamenka,RU,2021-11-25 01:03:26,51.3223,42.7678,24.75,63,100,18.23
320,Pontianak,ID,2021-11-25 01:04:27,-0.0333,109.3333,76.98,94,20,3.44
321,Ugoofaaru,MV,2021-11-25 01:04:27,5.6667,73.0,79.16,82,100,15.5
322,Shache,CN,2021-11-25 01:04:28,38.4167,77.2406,31.08,39,100,1.81
323,Kachug,RU,2021-11-25 01:04:28,53.9606,105.8817,4.66,99,75,1.7
324,Xinyang,CN,2021-11-25 01:04:29,32.1228,114.0656,53.76,56,0,3.67
325,Belyy Yar,RU,2021-11-25 01:01:09,53.6039,91.3903,24.69,73,100,4.47
326,Ternate,ID,2021-11-25 01:04:30,0.8,127.4,84.0,71,73,1.95
327,Ligayan,PH,2021-11-25 01:04:30,4.6533,119.4706,81.5,78,100,3.76
328,Basoko,CD,2021-11-25 01:04:31,1.2391,23.616,73.42,80,63,2.3
329,Copperas Cove,US,2021-11-25 01:04:32,31.1241,-97.9031,71.67,79,75,4.61
330,Mangochi,MW,2021-11-25 01:04:32,-14.4782,35.2645,74.89,76,100,9.17
331,Buritizeiro,BR,2021-11-25 01:01:39,-17.3511,-44.9622,74.61,70,100,2.57
332,Yar-Sale,RU,2021-11-25 01:04:33,66.8333,70.8333,-3.44,98,95,4.65
333,Aqtobe,KZ,2021-11-25 01:04:33,50.2797,57.2072,3.29,85,0,0.0
334,Pastavy,BY,2021-11-25 01:04:34,55.1168,26.8326,36.19,94,100,9.73
335,Svolvaer,NO,2021-11-25 01:04:34,68.2342,14.5683,28.49,63,100,8.43
336,Margate,GB,2021-11-25 01:01:05,51.3813,1.3862,44.31,85,100,1.99
337,Nouadhibou,MR,2021-11-25 01:04:35,20.931,-17.0347,73.06,67,94,13.22
338,San Carlos,VE,2021-11-25 01:02:29,9.6612,-68.5827,73.98,89,100,3.78
339,Lujan,AR,2021-11-25 01:04:36,-34.5703,-59.105,81.03,51,57,1.01
340,Mogzon,RU,2021-11-25 01:04:36,51.7435,111.9606,5.11,95,100,2.28
341,Nesterov,RU,2021-11-25 01:04:37,54.6306,22.5714,41.34,91,100,11.03
342,Linxia,CN,2021-11-25 01:04:37,35.6003,103.2064,32.63,23,0,2.57
343,Warangal,IN,2021-11-25 01:00:21,18.0,79.5833,70.59,93,71,2.3
344,Sistranda,NO,2021-11-25 01:04:38,63.7256,8.834,38.89,59,100,22.82
345,Mindelo,CV,2021-11-25 01:04:39,16.8901,-24.9804,71.15,88,75,4.61
346,Boa Vista,BR,2021-11-25 01:04:39,2.8197,-60.6733,82.38,65,0,5.75
347,Penzance,GB,2021-11-25 01:01:38,50.1186,-5.5371,46.76,82,100,27.27
348,Bacalar,MX,2021-11-25 01:04:40,18.6667,-88.3833,74.03,78,97,5.37
349,Tiznit,MA,2021-11-25 01:04:40,29.5833,-9.5,53.37,82,83,6.87
350,Provideniya,RU,2021-11-25 01:04:41,64.3833,-173.3,3.31,60,0,8.95
351,Hambantota,LK,2021-11-25 01:04:41,6.1241,81.1185,75.54,100,40,3.44
352,Bandarbeyla,SO,2021-11-25 01:04:42,9.4942,50.8122,79.09,71,18,20.45
353,Georgetown,MY,2021-11-25 01:03:27,5.4112,100.3354,78.89,88,40,0.0
354,Bosaso,SO,2021-11-25 01:04:43,11.2842,49.1816,78.82,68,59,6.71
355,Wufeng,CN,2021-11-25 01:04:43,27.45,104.8333,38.82,86,13,1.5
356,Celano,IT,2021-11-25 01:04:44,42.0855,13.5398,49.62,85,44,1.01
357,Agadez,NE,2021-11-25 01:04:44,19.75,10.25,72.05,21,0,7.2
358,Praya,CV,2021-11-25 01:04:45,14.9215,-23.5087,75.74,88,40,5.75
359,Cascais,PT,2021-11-25 01:04:46,38.6979,-9.4215,56.46,61,0,8.01
360,Richards Bay,ZA,2021-11-25 01:03:41,-28.783,32.0377,65.52,72,100,9.89
361,Nelson Bay,AU,2021-11-25 01:04:46,-32.7167,152.15,78.85,92,100,6.67
362,Aasiaat,GL,2021-11-25 01:04:47,68.7098,-52.8699,28.56,79,100,21.34
363,Sao Gabriel Da Cachoeira,BR,2021-11-25 01:04:48,-0.1303,-67.0892,72.84,98,100,1.36
364,Pontiac,US,2021-11-25 01:01:43,42.6389,-83.2911,47.41,61,40,12.66
365,Snasa,NO,2021-11-25 01:04:49,64.2457,12.3778,35.1,98,100,8.03
366,Kruisfontein,ZA,2021-11-25 01:04:49,-34.0033,24.7314,55.89,90,0,3.96
367,Lavrentiya,RU,2021-11-25 01:04:50,65.5833,-171.0,-4.83,91,7,8.16
368,Kisangani,CD,2021-11-25 01:04:50,0.5167,25.2,68.41,95,13,1.14
369,San Giustino,IT,2021-11-25 01:05:51,43.5495,12.1736,46.4,95,71,5.12
370,Udimskiy,RU,2021-11-25 01:05:51,61.1417,45.9144,19.24,95,100,3.94
371,Youhao,CN,2021-11-25 01:05:16,47.8667,128.8333,15.69,87,100,3.24
372,Port Macquarie,AU,2021-11-25 01:04:32,-31.4333,152.9167,79.9,88,90,10.36
373,Loikaw,MM,2021-11-25 01:05:52,19.6742,97.2094,64.65,86,17,1.21
374,Touros,BR,2021-11-25 01:05:53,-5.1989,-35.4608,81.5,77,89,12.86
375,Fairbanks,US,2021-11-25 01:05:54,64.8378,-147.7164,-7.02,74,1,0.0
376,Kaberamaido,UG,2021-11-25 01:05:54,1.7389,33.1594,69.44,61,34,5.28
377,Lasa,IT,2021-11-25 01:05:55,46.6166,10.7002,29.14,85,47,2.64
378,Eruwa,NG,2021-11-25 01:05:55,7.5333,3.4167,76.69,87,14,3.78
379,Aksu,CN,2021-11-25 01:01:12,41.1231,80.2644,27.28,51,5,2.35
380,Meadow Lake,US,2021-11-25 01:05:56,34.8014,-106.5436,51.31,54,63,12.8
381,Inirida,CO,2021-11-25 01:05:57,3.8653,-67.9239,73.74,97,100,3.04
382,Buala,SB,2021-11-25 01:05:57,-8.145,159.5921,85.86,68,91,7.34
383,La Paz,BO,2021-11-25 01:01:26,-16.5,-68.15,49.19,72,100,4.14
384,Saint Anthony,US,2021-11-25 01:05:58,45.0205,-93.218,35.65,72,90,4.0
385,Brae,GB,2021-11-25 01:03:10,60.3964,-1.353,40.91,78,95,34.0
386,Tefe,BR,2021-11-25 01:05:58,-3.3542,-64.7114,78.37,83,85,0.83
387,Urucara,BR,2021-11-25 01:05:59,-2.5364,-57.76,77.92,67,10,3.47
388,Ust-Nera,RU,2021-11-25 01:05:59,64.5667,143.2,-24.41,99,60,1.28
389,Enshi,CN,2021-11-25 01:06:00,30.3,109.4833,48.29,72,0,1.16
390,Kieta,PG,2021-11-25 01:06:00,-6.2167,155.6333,86.79,57,15,4.47
391,Avarua,CK,2021-11-25 01:06:01,-21.2078,-159.775,80.65,69,78,10.36
392,Russell,US,2021-11-25 01:06:01,32.3502,-85.1999,49.23,72,1,0.0
393,Auki,SB,2021-11-25 01:06:02,-8.7676,160.7034,87.4,59,48,1.52
394,Takoradi,GH,2021-11-25 01:06:02,4.8845,-1.7554,79.29,86,56,6.73
395,Becerril,CO,2021-11-25 01:06:03,9.7041,-73.2793,75.02,94,100,2.64
396,Karratha,AU,2021-11-25 01:06:03,-20.7377,116.8463,90.46,18,22,22.59
397,Boffa,GN,2021-11-25 01:06:04,10.1667,-14.0333,78.51,92,100,3.13
398,Lagoa,PT,2021-11-25 01:06:04,39.05,-27.9833,63.41,75,100,32.46
399,Price,US,2021-11-25 01:06:05,39.5994,-110.8107,36.12,44,1,11.5
400,Port-Gentil,GA,2021-11-25 01:06:05,-0.7193,8.7815,79.48,85,100,10.38
401,Kavaratti,IN,2021-11-25 01:06:06,10.5669,72.642,81.99,76,99,5.64
402,Daru,PG,2021-11-25 01:06:06,-9.0763,143.2092,84.61,74,100,5.17
403,Severo-Kurilsk,RU,2021-11-25 01:06:07,50.6789,156.125,36.3,98,100,29.8
404,Half Moon Bay,US,2021-11-25 01:06:07,37.4636,-122.4286,64.02,52,1,5.75
405,Vachi,RU,2021-11-25 01:06:08,42.072,47.2151,25.25,89,50,1.34
406,Baruun-Urt,MN,2021-11-25 01:06:09,46.6806,113.2792,11.03,85,100,4.41
407,Kargat,RU,2021-11-25 01:06:09,55.1956,80.2811,5.02,100,100,1.97
408,Lodja,CD,2021-11-25 01:06:10,-3.4833,23.4333,67.64,99,100,2.17
409,Kailua,US,2021-11-25 01:06:11,21.4022,-157.7394,85.06,68,40,11.5
410,Saint-Georges,GD,2021-11-25 01:06:09,12.0564,-61.7485,80.28,83,20,0.0
411,Innisfail,AU,2021-11-25 01:06:12,-17.5333,146.0333,83.73,68,100,3.76
412,Mechanicsville,US,2021-11-25 01:06:12,37.6088,-77.3733,39.24,66,40,1.99
413,Varhaug,NO,2021-11-25 01:06:13,58.6147,5.6457,44.89,70,95,21.74
414,Lorengau,PG,2021-11-25 01:06:13,-2.0226,147.2712,85.66,67,35,9.35
415,San Patricio,US,2021-11-25 01:06:14,28.017,-97.5169,76.87,80,100,17.25
416,Mildura,AU,2021-11-25 01:06:14,-34.2,142.15,70.77,73,100,11.65
417,Paita,PE,2021-11-25 01:07:15,-5.0892,-81.1144,67.05,80,98,13.91
418,Qujing,CN,2021-11-25 01:07:16,25.4833,103.7833,46.11,87,50,1.5
419,High Level,CA,2021-11-25 01:07:16,58.5169,-117.136,1.78,96,100,9.35
420,Itaituba,BR,2021-11-25 01:07:17,-4.2761,-55.9836,78.57,69,91,1.48
421,Lokosovo,RU,2021-11-25 01:07:17,61.1333,74.8167,-0.71,98,94,6.69
422,Abha,SA,2021-11-25 01:07:18,18.2164,42.5053,50.25,40,0,0.0
423,Hare Bay,CA,2021-11-25 01:07:18,48.8499,-54.0148,49.19,98,100,10.29
424,Mae Hong Son,TH,2021-11-25 01:07:19,19.3003,97.9685,70.75,97,39,0.98
425,Yulara,AU,2021-11-25 01:07:19,-25.2406,130.9889,71.44,49,75,14.97
426,Luanda,AO,2021-11-25 01:07:20,-8.8368,13.2343,78.08,81,100,6.62
427,San Jeronimo,PE,2021-11-25 01:07:20,-11.9472,-75.2829,51.89,79,92,3.11
428,Terrace,CA,2021-11-25 01:06:23,54.5163,-128.6035,37.42,93,90,16.11
429,Gornyatskiy,RU,2021-11-25 01:07:21,48.2915,40.9575,21.09,66,0,6.93
430,Gold Coast,AU,2021-11-25 01:07:22,-28.0,153.4333,79.16,92,75,1.99
431,Sakakah,SA,2021-11-25 01:07:22,29.9697,40.2064,58.82,43,100,9.57
432,Roanoke Rapids,US,2021-11-25 01:07:23,36.4615,-77.6542,37.2,100,1,0.0
433,Kalmunai,LK,2021-11-25 01:07:24,7.4167,81.8167,76.5,90,100,8.88
434,Grindavik,IS,2021-11-25 01:07:24,63.8424,-22.4338,37.87,93,90,16.11
435,Corn Island,NI,2021-11-25 01:07:25,12.1694,-83.0418,81.86,72,30,15.75
436,Mfou,CM,2021-11-25 01:07:25,3.7159,11.6427,65.62,90,5,1.88
437,Te Anau,NZ,2021-11-25 01:07:26,-45.4167,167.7167,64.67,40,100,8.97
438,Shimoda,JP,2021-11-25 01:07:27,34.6667,138.95,59.11,59,0,28.54
439,Macaubas,BR,2021-11-25 01:07:27,-13.0194,-42.6986,74.52,64,100,3.8
440,Baymak,RU,2021-11-25 01:07:28,52.5933,58.3225,-3.6,96,32,5.48
441,Desnogorsk,RU,2021-11-25 01:07:28,54.1508,33.2815,33.3,92,100,10.51
442,Yomou,GN,2021-11-25 01:07:29,7.5603,-9.2653,71.4,71,23,1.1
443,Trairi,BR,2021-11-25 01:03:04,-3.2778,-39.2689,80.28,79,75,11.45
444,Mutoko,ZW,2021-11-25 01:07:30,-17.397,32.2268,64.62,88,100,10.8
445,Padang,ID,2021-11-25 01:05:36,-0.9492,100.3543,80.65,64,59,2.71
446,Taebla,EE,2021-11-25 01:07:30,58.9547,23.7419,43.88,90,100,10.13
447,Muros,ES,2021-11-25 01:07:31,42.7762,-9.0603,53.83,94,20,12.15
448,Moron,AR,2021-11-25 01:07:32,-34.6534,-58.6198,81.01,46,6,9.06
449,Bathurst,AU,2021-11-25 01:07:29,-33.4166,149.5806,66.96,90,100,3.0
450,Nhulunbuy,AU,2021-11-25 01:07:32,-12.2333,136.7667,90.21,51,75,9.22
451,Nuuk,GL,2021-11-25 01:07:33,64.1835,-51.7216,30.81,100,90,4.61
452,Marsa Matruh,EG,2021-11-25 01:07:33,31.3525,27.2453,66.06,50,22,6.85
453,Denpasar,ID,2021-11-25 01:05:59,-8.65,115.2167,83.86,79,20,8.05
454,Tiarei,PF,2021-11-25 01:07:34,-17.5333,-149.3333,86.02,75,8,8.23
455,Menongue,AO,2021-11-25 01:07:35,-14.6585,17.691,68.85,53,65,4.5
456,Sudzha,RU,2021-11-25 01:07:36,51.1976,35.2726,32.29,84,100,11.48
457,Santo Antonio Do Ica,BR,2021-11-25 01:07:36,-3.1022,-67.9397,74.21,98,100,0.18
458,Nogliki,RU,2021-11-25 01:07:37,51.8333,143.1667,34.54,82,99,13.02
459,Koping,SE,2021-11-25 01:07:37,59.514,15.9926,46.85,79,100,12.1
460,Tazovskiy,RU,2021-11-25 01:07:38,67.4667,78.7,-4.61,99,98,8.16
461,Sardulgarh,IN,2021-11-25 01:11:57,29.7,75.25,58.3,38,0,7.31
462,Middlebury,US,2021-11-25 01:11:58,44.0153,-73.1673,32.49,68,1,0.0
463,Wajima,JP,2021-11-25 01:11:58,37.4,136.9,54.5,68,97,27.07
464,Biograd Na Moru,HR,2021-11-25 01:11:59,43.9433,15.4519,49.75,71,71,6.89
465,Maumere,ID,2021-11-25 01:11:59,-8.6199,122.2111,86.31,61,43,0.96
466,Banbury,GB,2021-11-25 01:11:59,52.0602,-1.3403,43.39,93,100,1.01
467,Flinders,AU,2021-11-25 01:12:00,-34.5833,150.8552,80.19,80,100,4.0
468,Ilulissat,GL,2021-11-25 01:12:00,69.2167,-51.1,28.42,86,90,17.27
469,Puerto Gaitan,CO,2021-11-25 01:11:29,4.3133,-72.0816,76.12,85,100,6.89
470,Caravelas,BR,2021-11-25 01:12:01,-17.7125,-39.2481,74.28,85,100,6.13
471,Kurtamysh,RU,2021-11-25 01:12:02,54.9103,64.4319,7.81,93,17,8.08
472,Kembe,CF,2021-11-25 01:12:02,4.6228,21.8865,68.58,59,10,0.94
473,Evensk,RU,2021-11-25 01:12:03,61.95,159.2333,5.16,85,100,4.12
474,Asfi,MA,2021-11-25 01:12:03,32.2994,-9.2372,59.61,73,6,9.51
475,Tromso,NO,2021-11-25 01:12:04,69.6496,18.957,23.02,80,40,3.44
476,Los Llanos De Aridane,ES,2021-11-25 01:12:04,28.6585,-17.9182,65.95,92,40,1.01
477,Tottori,JP,2021-11-25 01:12:05,35.5,134.2333,56.79,55,90,10.4
478,Nova Olimpia,BR,2021-11-25 01:12:05,-14.7972,-57.2881,75.22,91,100,2.91
479,Totskoye,RU,2021-11-25 01:12:06,52.5248,52.7623,12.79,88,100,10.42
480,Praia,CV,2021-11-25 01:12:06,14.9215,-23.5087,75.74,88,40,5.75
481,Muravlenko,RU,2021-11-25 01:12:06,63.7898,74.523,-2.94,98,84,12.82
482,Dodge City,US,2021-11-25 01:12:07,37.7528,-100.0171,49.64,38,1,17.0
483,Buchanan,LR,2021-11-25 01:12:07,5.8808,-10.0467,76.96,86,11,4.43
484,Whyalla,AU,2021-11-25 01:12:08,-33.0333,137.5833,66.09,77,90,25.32
485,Sept-Iles,CA,2021-11-25 01:10:47,50.2001,-66.3821,31.05,69,100,7.0
486,Rosita,NI,2021-11-25 01:12:09,13.9268,-84.4032,74.28,85,100,5.17
487,Westport,US,2021-11-25 01:12:09,41.1415,-73.3579,44.98,60,1,1.99
488,Bara,NG,2021-11-25 01:12:09,10.3744,10.7288,75.0,23,91,6.33
489,Ahome,MX,2021-11-25 01:12:10,25.9167,-109.1833,73.35,73,6,4.92
490,Bekwai,GH,2021-11-25 01:12:11,6.4534,-1.5774,72.46,96,37,2.24
491,Almaznyy,RU,2021-11-25 01:12:11,48.0448,40.045,21.34,69,0,7.09
492,Yerofey Pavlovich,RU,2021-11-25 01:12:12,53.9667,121.9667,3.4,80,97,1.57
493,Dubrovnik,HR,2021-11-25 01:12:12,42.6481,18.0922,53.24,66,0,8.05
494,Sorong,ID,2021-11-25 01:12:12,-0.8833,131.25,84.34,73,60,2.35
495,Alexandria,EG,2021-11-25 01:12:13,31.2156,29.9553,64.51,76,90,5.46
496,Sumkino,RU,2021-11-25 01:12:14,58.1108,68.3244,7.59,98,93,5.53
497,Le Port,RE,2021-11-25 01:12:14,-20.9373,55.2919,75.2,81,5,11.1
498,Tezu,IN,2021-11-25 01:12:14,27.9167,96.1667,62.71,62,1,3.2
499,Leshukonskoye,RU,2021-11-25 01:12:15,64.8989,45.7622,10.76,98,98,3.78
500,Kishapu,TZ,2021-11-25 01:12:16,-3.6167,33.8667,76.42,55,100,3.91
501,Angoram,PG,2021-11-25 01:12:16,-4.0625,144.0661,86.38,67,100,1.7
502,Cape Coast,GH,2021-11-25 01:12:17,5.1053,-1.2466,79.74,85,43,5.84
503,Iqaluit,CA,2021-11-25 01:12:17,63.7506,-68.5145,27.41,72,100,24.25
504,Carmaux,FR,2021-11-25 01:12:18,44.051,2.158,48.47,90,100,5.26
505,Santa Monica,US,2021-11-25 01:11:36,34.0195,-118.4912,73.22,57,1,5.75
506,Kouango,CF,2021-11-25 01:11:17,4.9934,19.9619,71.24,58,12,1.07
507,Niamey,NE,2021-11-25 01:11:35,13.5137,2.1098,81.7,16,0,6.8
508,Puerto Colombia,CO,2021-11-25 01:12:19,10.9878,-74.9547,77.09,80,79,16.13
509,Asau,RO,2021-11-25 01:12:19,46.4333,26.4,27.75,81,3,3.44
510,Norrtalje,SE,2021-11-25 01:13:20,59.758,18.705,44.53,82,100,11.12
511,Colgong,IN,2021-11-25 01:13:21,25.2667,87.2167,61.27,48,0,0.69
512,Bimbo,CF,2021-11-25 01:13:21,4.2567,18.4158,70.84,56,63,0.78
513,Chaozhou,CN,2021-11-25 01:13:22,23.6651,116.6379,64.85,44,90,3.13
514,Gigmoto,PH,2021-11-25 01:13:22,13.7796,124.39,82.15,85,100,11.97
515,Forrest City,US,2021-11-25 01:13:23,35.0081,-90.7898,58.86,57,100,12.77
516,Griffith,US,2021-11-25 01:12:30,41.5284,-87.4237,52.02,80,90,1.01
517,Kirakira,SB,2021-11-25 01:13:24,-10.4544,161.9205,84.81,72,100,9.31
518,Concordia,AR,2021-11-25 01:13:24,-31.393,-58.0209,80.78,40,0,4.0
519,Arica,CL,2021-11-25 01:09:37,-18.475,-70.3042,64.63,72,90,5.75
520,Igboho,NG,2021-11-25 01:13:25,8.8333,3.75,76.08,54,100,4.12
521,La Ronge,CA,2021-11-25 01:13:26,55.1001,-105.2842,-2.34,93,15,5.03
522,Vao,NC,2021-11-25 01:13:26,-22.6667,167.4833,74.98,78,100,12.64
523,Evans,US,2021-11-25 01:13:26,33.5337,-82.1307,43.86,57,17,3.65
524,Mattru,SL,2021-11-25 01:13:27,7.6244,-11.8332,75.2,90,100,1.21
525,Turayf,SA,2021-11-25 01:13:27,31.6725,38.6637,54.82,54,100,8.5
526,Rumonge,BI,2021-11-25 01:13:28,-3.9736,29.4386,73.17,71,92,4.14
527,Nara,JP,2021-11-25 01:13:28,34.6851,135.8049,59.5,41,31,10.67
528,Pringsewu,ID,2021-11-25 01:13:29,-5.3582,104.9744,79.65,62,97,1.45
529,Dakar,SN,2021-11-25 01:13:29,14.6937,-17.4441,77.88,74,44,6.8
530,La Libertad,EC,2021-11-25 01:13:30,-2.2333,-80.9,70.34,83,100,9.78
531,Port Blair,IN,2021-11-25 01:13:31,11.6667,92.75,81.16,79,100,9.69
532,Chicama,PE,2021-11-25 01:13:31,-7.8447,-79.1469,68.5,80,100,6.85
533,Petropavlovsk-Kamchatskiy,RU,2021-11-25 01:13:32,53.0452,158.6483,41.59,49,75,22.37
534,Longhua,CN,2021-11-25 01:13:33,23.6137,114.1919,64.04,35,8,2.57
535,Herat,AF,2021-11-25 01:13:33,34.5,62.0,49.98,62,0,6.58
536,Prince Rupert,CA,2021-11-25 01:13:34,54.3161,-130.3201,44.69,87,90,32.21
537,Punta Cardon,VE,2021-11-25 01:13:34,11.6581,-70.215,81.01,79,100,17.78
538,Huarmey,PE,2021-11-25 01:13:35,-10.0681,-78.1522,66.97,86,100,8.25
539,Podgornoye,RU,2021-11-25 01:13:36,51.735,39.1496,32.22,74,75,13.42
540,Kota Belud,MY,2021-11-25 01:13:36,6.351,116.4305,82.26,70,100,3.06
541,Constitucion,CL,2021-11-25 01:13:37,-35.3333,-72.4167,53.91,92,0,0.87
542,Llanes,ES,2021-11-25 01:13:37,43.4198,-4.7549,53.89,78,100,12.06
543,Kouroussa,GN,2021-11-25 01:13:38,10.65,-9.8833,72.1,34,38,1.3
544,Soyaux,FR,2021-11-25 01:13:38,45.65,0.2,40.68,90,90,10.36
545,Mogadishu,SO,2021-11-25 01:13:39,2.0371,45.3438,79.61,79,45,11.92
546,Freeport,US,2021-11-25 01:13:39,40.6576,-73.5832,45.18,55,1,1.01
547,Silver City,US,2021-11-25 01:13:40,32.7701,-108.2803,49.91,69,75,10.0
548,Ishigaki,JP,2021-11-25 01:13:40,24.3448,124.1572,73.09,69,100,17.31
549,Bisceglie,IT,2021-11-25 01:13:41,41.242,16.5044,52.79,92,86,5.26
550,Khorinsk,RU,2021-11-25 01:13:41,52.1657,109.7726,5.68,97,73,2.64
551,Manaus,BR,2021-11-25 01:13:42,-3.1019,-60.025,82.89,74,0,2.3
552,Tutoia,BR,2021-11-25 01:11:12,-2.7619,-42.2744,81.36,81,87,13.29
553,Ninh Binh,VN,2021-11-25 01:13:43,20.2539,105.975,62.65,68,0,7.87
554,Duldurga,RU,2021-11-25 01:13:43,50.6761,113.5931,4.39,97,24,2.51
555,Unai,BR,2021-11-25 01:13:44,-16.3575,-46.9061,75.27,59,52,2.15
556,Cap-Aux-Meules,CA,2021-11-25 01:14:44,47.3821,-61.8597,39.25,100,90,19.57
557,Kholtoson,RU,2021-11-25 01:14:45,50.2981,103.3097,8.15,92,55,3.76
558,Bawku,GH,2021-11-25 01:14:45,11.0616,-0.2417,79.68,22,0,1.95
559,The Valley,AI,2021-11-25 01:14:46,18.217,-63.0578,79.11,70,13,5.57
560,Luba,GQ,2021-11-25 01:14:46,3.4568,8.5547,80.33,86,20,7.72
561,Dingle,PH,2021-11-25 01:14:47,10.9995,122.6711,82.76,80,100,9.64
562,Beringovskiy,RU,2021-11-25 01:14:47,63.05,179.3167,-0.81,80,100,6.78
563,Killybegs,IE,2021-11-25 01:14:48,54.6333,-8.45,43.45,64,95,25.12
564,Storforshei,NO,2021-11-25 01:14:48,66.4043,14.5233,28.65,96,100,4.29
565,Ola,RU,2021-11-25 01:14:49,59.5833,151.2833,15.66,79,9,8.46
566,Quang Ngai,VN,2021-11-25 01:11:54,15.1167,108.8,72.45,92,100,8.93
567,Palaiokomi,GR,2021-11-25 01:14:50,40.8667,23.9,48.6,70,76,3.87
568,Mangrol,IN,2021-11-25 01:14:51,21.1167,70.1167,74.88,47,4,7.96
569,Soderhamn,SE,2021-11-25 01:14:51,61.3037,17.0592,39.97,92,100,9.95
570,Cairns,AU,2021-11-25 01:14:52,-16.9167,145.7667,91.06,83,40,11.5
571,Chateauroux,FR,2021-11-25 01:14:52,46.8167,1.7,36.55,100,90,8.05
572,Balsas,BR,2021-11-25 01:14:53,-7.5325,-46.0356,75.04,81,81,1.86
573,Mlonggo,ID,2021-11-25 01:14:53,-6.5333,110.7,82.29,77,94,2.75
574,San Quintin,MX,2021-11-25 01:14:54,30.4833,-115.95,62.06,79,0,7.09
575,Ginda,IN,2021-11-25 01:14:54,30.6945,78.4932,44.64,27,0,6.69
576,West Wendover,US,2021-11-25 01:12:14,40.7391,-114.0733,34.81,44,1,6.91
577,Nemuro,JP,2021-11-25 01:14:49,43.3236,145.575,40.78,56,4,15.82
578,Riyadh,SA,2021-11-25 01:11:27,24.6877,46.7219,57.34,35,0,5.55
579,Lebedyan,RU,2021-11-25 01:14:56,53.0194,39.1664,32.58,91,100,16.75
580,Awbari,LY,2021-11-25 01:14:57,26.5921,12.7805,70.36,29,100,9.37
581,Goundi,TD,2021-11-25 01:14:57,9.3627,17.366,72.91,30,0,2.15
582,Meulaboh,ID,2021-11-25 01:14:58,4.1363,96.1285,77.05,84,99,4.54
583,Karaton,ID,2021-11-25 01:14:58,-6.3424,106.1045,86.16,73,93,3.96
